Talk #,Title,Seminartype,Location,Day,Month,Year,Para1,Para2
68,Big Bang Nucleosynthesis: Advances in Hadronic Injection and New Bounds on Heavy QCD Axions,HEP seminar,"University of Florida, Gainesville, FL, USA",25,September,2026,,
67,Big Bang Nucleosynthesis: Advances in Hadronic Injection and New Bounds on Heavy QCD Axions,Theory seminar,"Iwate University, Morioka, Japan",9,July,2026,,
66,Big Bang Nucleosynthesis: Advances in Hadronic Injection and New Bounds on Heavy QCD Axions,Theory seminar,"Nagoya University, Nagoya, Japan",1,June,2026,,
65,Big Bang Nucleosynthesis: Advances in Hadronic Injection and New Bounds on Heavy QCD Axions,Theory seminar,"Hokkaido University, Sapporo, Japan",29,May,2026,,https://particle-lab.sci.hokudai.ac.jp/seminar-events/seminar-7.html
64,Big Bang Nucleosynthesis: Advances in Hadronic Injection and New Bounds on Heavy QCD Axions,Theory seminar,"Kobe University, Kobe, Japan",22,April,2026,,
63,Big Bang Nucleosynthesis: Advances in Hadronic Injection and New Bounds on Heavy QCD Axions,YITP seminar,"Yukawa Institute for Theoretical Physics, Kyoto, Japan",6,February,2026,,
62,New Bounds on Heavy QCD Axions from Big Bang Nucleosynthesis,Theory seminar,"Osaka University, Osaka, Japan",20,January,2026,,
61,2_4 Vector Boson Scattering for Higgs self-couplings,Seminar," Institute for Basic Science, Daejeon, South Korea",6,July,2025,,
60,Axion Bounds from Big Bang Nucleosynthesis,HEP seminar,"Chiba University, Japan",21,May,2025,,
59,High Energy Vector Boson Fusion for Anomalous Higgs Sector and Higgs EFT,Theory seminar,"DESY, Hamburg, Germany",22,July,2024,,https://www.desy.de/news/events/index_eng.html/@@events-view?id=66067&lang=eng